Analystics,Apps,Tools,More,0,Device Version Android Security update Root BusyBox APPs Total User Internal memory External memory
True
Analystics,Apps,Tools,More,2,Contol Apps list Analysis PREMIUM Statistics Apps usage Analyzer
Apps list,PREMIUM,0,Apps list Information Lists
Options,0,Options Create Import
True
Analystics,Apps,Tools,More,2,Contol Apps list Analysis PREMIUM Statistics Apps usage Analyzer
Applist,PREMIUM,1,Skit Premium Interface customization Batch operations Apps usage reports Many usaful tools GET "PREMIUM"
True
Analystics,Apps,Tools,More,3,"Skit Premium Discover additional features, such as deep interface customization, batch deletion and extraction of the apps, apps usage report (time and data), and other useful tools. LEARN MORE GOOGLE PLAY Management Send feedback Other apps Check for updates Settings About Skit"
LEARN MORE,GOOGLE PLAY,0,Skit Premium Interface customization Batch operations Apps usage reports Many usaful tools GET "PREMIUM"
True
Analystics,Apps,Tools,More,3,"Skit Premium Discover additional features, such as deep interface customization, batch deletion and extraction of the apps, apps usage report (time and data), and other useful tools. LEARN MORE GOOGLE PLAY Management Send feedback Other apps Check for updates Settings About Skit"
LEARN MORE,GOOGLE PLAY,1,Google Paly
True
Analystics,Apps,Tools,More,3,"Skit Premium Discover additional features, such as deep interface customization, batch deletion and extraction of the apps, apps usage report (time and data), and other useful tools. LEARN MORE GOOGLE PLAY Management Send feedback Other apps Check for updates Settings About Skit"
Send feedback,Other apps,Check for updates,Settings,About Skit,0,Send feedback Subject Message Attachments SEND FEEDBACK
True
Analystics,Apps,Tools,More,3,"Skit Premium Discover additional features, such as deep interface customization, batch deletion and extraction of the apps, apps usage report (time and data), and other useful tools. LEARN MORE GOOGLE PLAY Management Send feedback Other apps Check for updates Settings About Skit"
Send feedback,Other apps,Check for updates,Settings,About Skit,1,Other apps
True
Analystics,Apps,Tools,More,3,"Skit Premium Discover additional features, such as deep interface customization, batch deletion and extraction of the apps, apps usage report (time and data), and other useful tools. LEARN MORE GOOGLE PLAY Management Send feedback Other apps Check for updates Settings About Skit"
Send feedback,Other apps,Check for updates,Settings,About Skit,2,No updates
True
Analystics,Apps,Tools,More,3,"Skit Premium Discover additional features, such as deep interface customization, batch deletion and extraction of the apps, apps usage report (time and data), and other useful tools. LEARN MORE GOOGLE PLAY Management Send feedback Other apps Check for updates Settings About Skit"
Send feedback,Other apps,Check for updates,Settings,About Skit,3,Settings Common settings Appearance General Apps Units of measurement
True
Analystics,Apps,Tools,More,3,"Skit Premium Discover additional features, such as deep interface customization, batch deletion and extraction of the apps, apps usage report (time and data), and other useful tools. LEARN MORE GOOGLE PLAY Management Send feedback Other apps Check for updates Settings About Skit"
Send feedback,Other apps,Check for updates,Settings,About Skit,4,About Skit Skit Information Developer
True
Search,,1,Displaying  User System Sorting Title Package name Install date Update date Size CLOSE APPLY
CLOSE,APPLY,0,Analystics Apps Tools More Search
False
Search,,1,Displaying  User System Sorting Title Package name Install date Update date Size CLOSE APPLY
CLOSE,APPLY,1,Analystics Apps Tools More Search
False
Analystics,Apps,Tools,More,1,Apps Permissions Activities Services Certificate Resources Broadcasts Providers Manifest OPTIONS
Permissions,Activities,Services,Certificate,Resources,Broadcasts,Providers,Manifest,0,Permissions
True
Analystics,Apps,Tools,More,1,Apps Permissions Activities Services Certificate Resources Broadcasts Providers Manifest OPTIONS
Permissions,Activities,Services,Certificate,Resources,Broadcasts,Providers,Manifest,1,Activities
True
Analystics,Apps,Tools,More,1,Apps Permissions Activities Services Certificate Resources Broadcasts Providers Manifest OPTIONS
Permissions,Activities,Services,Certificate,Resources,Broadcasts,Providers,Manifest,2,Services
True
Analystics,Apps,Tools,More,1,Apps Permissions Activities Services Certificate Resources Broadcasts Providers Manifest OPTIONS
Permissions,Activities,Services,Certificate,Resources,Broadcasts,Providers,Manifest,3,Certificate
True
Analystics,Apps,Tools,More,1,Apps Permissions Activities Services Certificate Resources Broadcasts Providers Manifest OPTIONS
Permissions,Activities,Services,Certificate,Resources,Broadcasts,Providers,Manifest,4,Resources
True
Analystics,Apps,Tools,More,1,Apps Permissions Activities Services Certificate Resources Broadcasts Providers Manifest OPTIONS
Permissions,Activities,Services,Certificate,Resources,Broadcasts,Providers,Manifest,5,Broadcasts
True
Analystics,Apps,Tools,More,1,Apps Permissions Activities Services Certificate Resources Broadcasts Providers Manifest OPTIONS
Permissions,Activities,Services,Certificate,Resources,Broadcasts,Providers,Manifest,6,Providers
True
Analystics,Apps,Tools,More,1,Apps Permissions Activities Services Certificate Resources Broadcasts Providers Manifest OPTIONS
Permissions,Activities,Services,Certificate,Resources,Broadcasts,Providers,Manifest,7,Manifest
True
Analystics,Apps,Tools,More,1,Apps Permissions Activities Services Certificate Resources Broadcasts Providers Manifest OPTIONS
OPTIONS,0,Options open Extract Find in Google Play Share
open,Extract,Find in Google Play,Share,3,Share
True
